Name,Team,POS,PTS,PTS/G,GP,PASSING_CMP,PASSING_YDS,PASSING_TD,PASSING_INT,RUSHING_ATT,RUSHING_YDS,RUSHING_TD,RUSHING_FUM,RECEIVING_TGT,RECEIVING_REC,RECEIVING_YDS,RECEIVING_TD
Lamar Jackson,BAL,QB,430.4,25.3,17,316,4172,41,4,139,915,4,5,0,0,0,0
Joe Burrow,CIN,QB,372.8,21.9,17,460,4918,43,9,42,201,2,5,0,0,0,0
Josh Allen,BUF,QB,372.3,21.9,17,307,3731,28,6,102,531,12,2,0,0,7,1
Baker Mayfield,TB,QB,365.8,21.5,17,407,4500,41,16,60,378,3,2,0,0,0,0
Jayden Daniels,WAS,QB,355.8,20.9,17,331,3568,25,9,148,891,6,0,0,0,0,0
Ja'Marr Chase,CIN,WR,339.5,20,17,0,0,0,0,3,32,0,0,175,127,1708,17
Saquon Barkley,PHI,RB,338.8,21.2,16,0,0,0,0,345,2005,13,1,43,33,278,2
Jahmyr Gibbs,DET,RB,336.9,19.8,17,0,0,0,0,250,1412,16,1,63,52,517,4
Derrick Henry,BAL,RB,326.9,19.2,17,0,0,0,0,325,1921,16,1,22,19,193,2
Jared Goff,DET,QB,316.8,18.6,17,390,4629,37,12,35,56,0,0,1,1,7,1
Jalen Hurts,PHI,QB,315.1,21,15,248,2903,18,5,150,630,14,5,0,0,0,0
Bijan Robinson,ATL,RB,311.2,18.3,17,0,0,0,0,304,1456,14,0,72,61,431,1
Bo Nix,DEN,QB,310,18.2,17,376,3775,29,12,92,430,4,0,1,1,2,1
Sam Darnold,MIN,QB,308,18.1,17,361,4319,35,12,67,212,1,4,0,0,0,0
Kyler Murray,ARI,QB,297.2,17.5,17,372,3851,21,11,78,572,5,4,0,0,0,0
Justin Herbert,LAC,QB,285.4,16.8,17,332,3870,23,3,69,306,2,2,0,0,0,0
Patrick Mahomes,KC,QB,281.8,17.6,16,392,3928,26,11,58,307,2,0,1,1,2,0
Josh Jacobs,GB,RB,275.1,16.2,17,0,0,0,0,301,1329,15,3,43,36,342,1
Brock Purdy,SF,QB,266.9,17.8,15,300,3864,20,12,66,323,5,3,0,0,0,0
Geno Smith,SEA,QB,266,15.6,17,407,4320,21,15,53,272,2,0,0,0,0,0
Justin Jefferson,MIN,WR,265.1,15.6,17,1,22,0,0,1,3,0,0,153,103,1533,10
De'Von Achane,MIA,RB,260.9,15.3,17,0,0,0,0,203,907,6,0,87,78,592,6
Aaron Rodgers,NYJ,QB,256.6,15.1,17,368,3897,28,11,22,107,0,2,0,0,0,0
Kyren Williams,LAR,RB,255.1,15.9,16,0,0,0,0,316,1299,14,3,40,34,182,2
Amon-Ra St. Brown,DET,WR,254.4,15,17,1,7,1,0,2,6,0,1,142,115,1263,12
Caleb Williams,CHI,QB,253.9,14.9,17,351,3541,20,6,82,483,0,5,0,0,0,0
James Cook,BUF,RB,250.7,15.7,16,0,0,0,0,207,1009,16,0,38,32,258,2
Brian Thomas Jr.,JAX,WR,240.5,14.1,17,0,0,0,0,6,48,0,0,133,87,1282,10
Jonathan Taylor,IND,RB,237.7,17,14,0,0,0,0,303,1431,11,0,31,18,136,1
Jordan Love,GB,QB,233.9,15.6,15,268,3389,25,11,25,83,1,0,0,0,0,0
Alvin Kamara,NO,RB,231.3,16.5,14,0,0,0,0,228,950,6,0,89,68,543,2
Drake London,ATL,WR,230.8,13.6,17,0,0,0,0,1,-3,0,0,157,100,1271,9
James Conner,ARI,RB,230.3,14.4,16,0,0,0,0,236,1094,8,1,55,47,414,1
Chase Brown,CIN,RB,228,14.3,16,0,0,0,0,229,990,7,1,65,54,360,4
Terry McLaurin,WAS,WR,226.8,13.3,17,0,0,0,0,2,2,0,1,117,82,1096,13
Joe Mixon,HOU,RB,222.5,15.9,14,0,0,0,0,245,1016,11,0,52,36,309,1
Bucky Irving,TB,RB,220.8,13,17,0,0,0,0,207,1121,8,1,52,47,392,0
C.J. Stroud,HOU,QB,220.4,13,17,336,3727,20,12,52,233,0,4,1,0,0,0
Chuba Hubbard,CAR,RB,220.1,14.7,15,0,0,0,0,250,1195,10,3,54,43,171,1
Malik Nabers,NYG,WR,219.1,14.6,15,0,0,0,0,5,2,0,0,170,109,1204,7
Aaron Jones,MIN,RB,216.1,12.7,17,0,0,0,0,255,1138,5,3,62,51,408,2
Matthew Stafford,LAR,QB,214.6,13.4,16,340,3762,20,8,30,41,0,2,0,0,0,0
CeeDee Lamb,DAL,WR,212.9,14.2,15,0,0,0,0,14,70,0,1,152,101,1194,6
Breece Hall,NYJ,RB,212.4,13.3,16,0,0,0,0,209,876,5,2,76,57,483,3
Brock Bowers,LV,TE,206.7,12.2,17,0,0,0,0,5,13,0,0,153,112,1194,5
Mike Evans,TB,WR,203.4,14.5,14,0,0,0,0,0,0,0,0,110,74,1004,11
Jaxon Smith-Njigba,SEA,WR,201.6,11.9,17,1,35,0,0,5,26,0,0,137,100,1130,6
Garrett Wilson,NYJ,WR,201.4,11.8,17,0,0,0,0,2,5,0,2,153,101,1104,7
Ladd McConkey,LAC,WR,199.9,12.5,16,0,0,0,0,0,0,0,0,112,82,1149,7
David Montgomery,DET,RB,199.6,14.3,14,1,3,1,0,185,775,12,1,38,36,341,0
Davante Adams,LV,WR,198.8,14.2,14,0,0,0,0,0,0,0,0,141,85,1063,8
George Kittle,SF,TE,197.6,13.2,15,0,0,0,0,0,0,0,0,94,78,1106,8
Jerry Jeudy,CLE,WR,195.9,11.5,17,0,0,0,0,0,0,0,0,144,90,1229,4
Bryce Young,CAR,QB,195,13.9,14,234,2403,15,9,43,249,6,2,0,0,0,0
Courtland Sutton,DEN,WR,194.6,11.4,17,2,30,1,0,0,0,0,1,135,81,1081,8
Trey McBride,ARI,TE,194.3,12.1,16,0,0,0,0,1,2,2,0,147,111,1146,2
D'Andre Swift,CHI,RB,193.5,11.4,17,0,0,0,0,253,959,6,0,52,42,386,0
DJ Moore,CHI,WR,189.1,11.1,17,0,0,0,0,14,75,0,1,140,98,966,6
Najee Harris,PIT,RB,186.6,11,17,0,0,0,0,263,1043,6,0,48,36,283,0
Tee Higgins,CIN,WR,185.6,15.5,12,0,0,0,0,0,0,0,1,109,73,911,10
A.J. Brown,PHI,WR,183.4,14.1,13,0,0,0,0,0,0,0,0,97,67,1079,7
Jameson Williams,DET,WR,183.2,12.2,15,0,0,0,0,11,61,1,0,91,58,1001,7
Tua Tagovailoa,MIA,QB,181.6,16.5,11,291,2867,19,7,17,49,0,2,0,0,0,0
Jordan Addison,MIN,WR,181,12.1,15,0,0,0,0,3,20,1,0,99,63,875,9
Tony Pollard,TEN,RB,180.2,11.3,16,0,0,0,0,260,1079,5,2,57,41,238,0
Jonnu Smith,MIA,TE,178.3,10.5,17,0,0,0,0,2,-1,0,1,111,88,884,8
Rico Dowdle,DAL,RB,178.3,11.1,16,0,0,0,0,235,1079,2,2,49,39,249,3
Tyreek Hill,MIA,WR,177.7,10.5,17,0,0,0,0,8,53,0,0,122,81,959,6
Drake Maye,NE,QB,177.1,13.6,13,226,2276,15,10,54,421,2,6,0,0,0,0
Nico Collins,HOU,WR,176.6,14.7,12,0,0,0,0,0,0,0,0,99,68,1006,7
Kirk Cousins,ATL,QB,176.3,12.6,14,303,3508,18,16,23,0,0,2,0,0,0,0
J.K. Dobbins,LAC,RB,175.8,13.5,13,0,0,0,0,195,905,9,0,38,32,153,0
Jakobi Meyers,LV,WR,174.5,11.6,15,0,0,0,0,2,23,0,0,129,87,1027,4
Rachaad White,TB,RB,174.1,10.9,16,0,0,0,0,144,613,3,3,57,51,393,6
Russell Wilson,PIT,QB,172.8,15.7,11,214,2482,16,5,43,155,2,4,0,0,0,0
Zay Flowers,BAL,WR,172.5,10.1,17,0,0,0,0,9,56,0,0,116,74,1059,4
Jauan Jennings,SF,WR,172,11.5,15,0,0,0,0,0,0,0,0,113,77,975,6
Jayden Reed,GB,WR,169.5,10,17,0,0,0,0,20,163,1,1,75,55,857,6
Calvin Ridley,TEN,WR,167.2,9.8,17,0,0,0,0,8,55,1,1,120,64,1017,4
Puka Nacua,LAR,WR,167.1,15.2,11,0,0,0,0,11,46,1,0,106,79,990,3
Zach Charbonnet,SEA,RB,165.9,9.8,17,0,0,0,0,135,569,8,0,52,42,340,1
Marvin Harrison Jr.,ARI,WR,165.5,9.7,17,0,0,0,0,0,0,0,1,116,62,885,8
DeVonta Smith,PHI,WR,165.4,12.7,13,0,0,0,0,1,1,0,0,89,68,833,8
Tyrone Tracy Jr.,NYG,RB,163.3,9.6,17,0,0,0,0,192,839,5,2,53,38,284,1
Anthony Richardson,IND,QB,162.5,14.8,11,126,1814,8,12,86,499,6,3,1,1,-1,0
Mark Andrews,BAL,TE,161.3,9.5,17,0,0,0,0,4,5,0,0,69,55,673,11
Darnell Mooney,ATL,WR,161.2,10.1,16,0,0,0,0,0,0,0,0,107,64,992,5
Rhamondre Stevenson,NE,RB,159.4,10.6,15,0,0,0,0,207,801,7,3,41,33,168,1
DK Metcalf,SEA,WR,158.2,10.5,15,0,0,0,0,0,0,0,2,108,66,992,5
Kenneth Walker III,SEA,RB,158.2,14.4,11,0,0,0,0,153,573,7,0,53,46,299,1
Xavier Worthy,KC,WR,157.7,9.3,17,0,0,0,0,20,104,3,0,98,59,638,6
Rashod Bateman,BAL,WR,152.1,8.9,17,0,0,0,0,0,0,0,0,72,45,756,9
Keenan Allen,CHI,WR,151.4,10.1,15,0,0,0,1,0,0,0,0,121,70,744,7
Derek Carr,NO,QB,150.9,15.1,10,189,2145,15,5,17,71,1,0,0,0,0,0
Brian Robinson Jr.,WAS,RB,149.8,10.7,14,0,0,0,0,187,799,8,2,25,20,159,0
Josh Downs,IND,WR,147.5,10.5,14,0,0,0,0,1,12,0,0,107,72,803,5
Quentin Johnston,LAC,WR,147.2,9.8,15,0,0,0,0,3,6,0,0,91,55,711,8
Travis Kelce,KC,TE,146.9,9.2,16,0,0,0,0,1,1,0,1,133,97,823,3
Trevor Lawrence,JAX,QB,145.7,14.6,10,172,2045,11,7,26,119,3,1,0,0,-5,0
Sam LaPorta,DET,TE,144.6,9,16,0,0,0,0,0,0,0,0,83,60,726,7
Khalil Shakir,BUF,WR,144.5,9.6,15,0,0,0,0,2,4,0,0,100,76,821,4
Zach Ertz,WAS,TE,144.4,8.5,17,0,0,0,0,0,0,0,0,91,66,654,7
Kareem Hunt,KC,RB,143.9,11.1,13,0,0,0,0,200,728,7,0,32,23,176,0
Alec Pierce,IND,WR,142.9,8.9,16,0,0,0,0,0,0,0,0,69,37,824,7
Cooper Kupp,LAR,WR,141.5,11.8,12,0,0,0,0,2,10,0,0,100,67,710,6
Tucker Kraft,GB,TE,138.3,8.1,17,0,0,0,0,3,6,0,1,70,50,707,7
Wan'Dale Robinson,NYG,WR,136.2,8,17,0,0,0,0,3,18,0,0,140,93,699,3
Pat Freiermuth,PIT,TE,135.8,8,17,0,0,0,0,0,0,0,2,78,65,653,7
Daniel Jones,NYG,QB,135.3,13.5,10,216,2070,8,7,67,265,2,2,0,0,0,0
George Pickens,PIT,WR,134.9,9.6,14,0,0,0,0,2,-6,0,1,103,59,900,3
Javonte Williams,DEN,RB,131.9,7.8,17,0,0,0,0,139,513,4,2,70,52,346,0
Michael Pittman Jr.,IND,WR,131.3,8.2,16,0,0,0,0,0,0,0,1,111,69,808,3
Jameis Winston,CLE,QB,131.1,10.9,12,181,2121,13,12,25,83,1,2,0,0,0,0
Deebo Samuel Sr.,SF,WR,128.1,8.5,15,0,0,0,0,42,136,1,1,81,51,670,3
Jalen Tolbert,DAL,WR,127.5,7.5,17,0,0,0,0,0,0,0,0,79,49,610,7
Tank Bigsby,JAX,RB,125.5,7.8,16,0,0,0,0,168,766,7,1,12,7,54,0
Jaylen Waddle,MIA,WR,120.6,8,15,0,0,0,0,4,12,0,0,83,58,744,2
Will Levis,TEN,QB,119.9,10,12,190,2091,13,12,45,183,0,6,0,0,0,0
Nick Westbrook-Ikhine,TEN,WR,119.7,7,17,0,0,0,0,0,0,0,0,60,32,497,9
Alexander Mattison,LV,RB,119.4,8.5,14,0,0,0,0,132,420,4,1,48,36,294,1
Justin Fields,PIT,QB,119.1,11.9,10,106,1106,5,1,62,289,5,1,0,0,0,0
DeAndre Hopkins,TEN,WR,119,7.4,16,0,0,0,0,0,0,0,0,80,56,610,5
Rome Odunze,CHI,WR,117.9,6.9,17,0,0,0,0,3,15,0,1,101,54,734,3
Jalen McMillan,TB,WR,116.9,9,13,0,0,0,0,4,43,0,0,58,37,461,8
Dak Prescott,DAL,QB,116.5,14.6,8,185,1978,11,8,13,54,1,1,0,0,0,0
David Njoku,CLE,TE,116.5,10.6,11,0,0,0,0,0,0,0,0,97,64,505,5
Adam Thielen,CAR,WR,115.5,11.6,10,0,0,0,0,0,0,0,0,62,48,615,5
Jerome Ford,CLE,RB,115.5,8.3,14,0,0,0,0,104,565,3,0,43,37,225,0
Demario Douglas,NE,WR,115.2,6.8,17,0,0,0,0,3,16,0,0,88,67,621,3
Austin Ekeler,WAS,RB,114.8,9.6,12,0,0,0,0,77,367,4,0,41,35,366,0
Tank Dell,HOU,WR,114.5,8.2,14,0,0,0,0,9,43,0,0,81,51,667,3
Chris Godwin,TB,WR,112.8,16.1,7,0,0,0,0,1,2,0,0,62,50,576,5
Hunter Henry,NE,TE,112.4,7,16,0,0,0,0,0,0,0,0,98,66,674,2
Cade Otton,TB,TE,111.1,7.9,14,0,0,0,0,1,-4,0,1,87,59,600,4
Travis Etienne Jr.,JAX,RB,110.7,7.4,15,0,0,0,0,150,558,2,1,52,39,254,0
Marvin Mims Jr.,DEN,WR,110,6.5,17,0,0,0,0,13,42,0,0,52,39,503,6
Cooper Rush,DAL,QB,109.6,9.1,12,187,1844,12,5,26,18,0,3,0,0,0,0
Ray-Ray McCloud III,ATL,WR,109.5,6.4,17,0,0,0,0,10,79,0,2,87,62,686,1
Jordan Mason,SF,RB,109.5,9.1,12,0,0,0,0,153,789,3,1,14,11,91,0
Romeo Doubs,GB,WR,109.1,8.4,13,0,0,0,0,0,0,0,0,72,46,601,4
Mike Gesicki,CIN,TE,109,6.4,17,0,0,0,0,0,0,0,1,83,65,665,2
Demarcus Robinson,LAR,WR,108,6.4,17,0,0,0,0,0,0,0,0,64,31,505,7
Kyle Pitts,ATL,TE,107.7,6.3,17,0,0,0,0,0,0,0,0,74,47,602,4
Ray Davis,BUF,RB,107.6,6.3,17,0,0,0,0,113,442,3,0,19,17,189,3
Allen Lazard,NYJ,WR,107.5,9,12,0,0,0,0,0,0,0,0,61,37,530,6
Justice Hill,BAL,RB,106.1,7.1,15,0,0,0,0,47,228,1,0,51,42,383,3
Tre Tucker,LV,WR,105.8,6.2,17,0,0,0,0,9,44,1,0,81,47,539,3
Ameer Abdullah,LV,RB,105.2,6.6,16,0,0,0,0,66,311,2,1,47,40,261,3
Jaylen Warren,PIT,RB,105.1,7,15,0,0,0,0,120,511,1,1,48,38,310,0
Isaiah Likely,BAL,TE,102.7,6.4,16,0,0,0,0,0,0,0,1,58,42,477,6
Andrei Iosivas,CIN,WR,101.9,6,17,0,0,0,0,0,0,0,0,61,36,479,6
Michael Wilson,ARI,WR,101,6.3,16,0,0,0,0,1,7,0,1,71,47,548,4
Amari Cooper,CLE,WR,100.7,7.2,14,0,0,0,0,0,0,0,0,85,44,547,4
Xavier Legette,CAR,WR,100.6,6.3,16,0,0,0,0,6,24,0,0,84,49,497,4
Kayshon Boutte,NE,WR,100.4,6.7,15,0,0,0,0,0,0,0,0,68,43,589,3
Tyler Allgeier,ATL,RB,99.7,5.9,17,0,0,0,0,137,644,3,0,13,13,88,0
Joe Flacco,IND,QB,99,12.4,8,162,1761,12,7,9,26,0,4,0,0,0,0
Tyjae Spears,TEN,RB,98.6,8.2,12,0,0,0,0,84,312,4,0,35,30,224,1
Stefon Diggs,HOU,WR,97.9,12.2,8,1,13,0,0,3,8,1,0,64,47,496,3
Juwan Johnson,NO,TE,97.8,5.8,17,0,0,0,0,0,0,0,0,66,50,548,3
Keon Coleman,BUF,WR,97,7.5,13,0,0,0,0,1,9,0,0,57,29,556,4
Cole Kmet,CHI,TE,96.9,5.7,17,0,0,0,0,0,0,0,0,55,47,474,4
Tyler Lockett,SEA,WR,96.5,5.7,17,0,0,0,0,0,0,0,0,74,49,600,2
Tyler Conklin,NYJ,TE,96.4,6,16,0,0,0,0,1,0,0,0,72,51,449,4
Gardner Minshew II,LV,QB,96.3,9.6,10,203,2013,9,10,19,58,0,4,0,0,0,0
Mac Jones,JAX,QB,96.1,9.6,10,171,1672,8,8,28,92,1,2,0,0,0,0
Mason Rudolph,TEN,QB,95.8,12,8,146,1530,9,9,25,106,1,1,0,0,0,0
Calvin Austin III,PIT,WR,94.8,5.6,17,0,0,0,0,0,0,0,1,58,36,548,4
Aidan O'Connell,LV,QB,93.5,10.4,9,154,1612,8,4,21,30,1,2,0,0,0,0
Noah Gray,KC,TE,93.3,5.5,17,0,0,0,0,1,-4,0,0,49,40,437,5
Olamide Zaccheaus,WAS,WR,91.9,5.4,17,0,0,0,0,1,8,0,0,64,45,506,3
Antonio Gibson,NE,RB,91.9,5.4,17,0,0,0,0,120,538,1,0,29,23,206,0
Dalton Schultz,HOU,TE,91.7,5.4,17,0,0,0,0,0,0,0,0,85,53,532,2
Dontayvion Wicks,GB,WR,91,5.4,17,0,0,0,0,0,0,0,0,76,39,415,5
Jalen Nailor,MIN,WR,91,5.4,17,0,0,0,0,3,-4,0,0,43,28,414,6
Christian Watson,GB,WR,90.8,6.1,15,0,0,0,0,4,23,0,1,53,29,620,2
Darius Slayton,NYG,WR,90.5,5.7,16,0,0,0,0,2,17,0,0,71,39,573,2
Emanuel Wilson,GB,RB,90.5,5.3,17,0,0,0,0,103,502,4,0,14,11,48,1
Elijah Moore,CLE,WR,90.4,5.3,17,0,0,0,0,1,1,0,0,103,61,538,1
Joshua Palmer,LAC,WR,87.9,5.9,15,0,0,0,0,0,0,0,0,65,39,584,1
Chigoziem Okonkwo,TEN,TE,87.6,5.2,17,0,0,0,0,1,17,0,1,70,52,479,2
Foster Moreau,NO,TE,87.3,5.1,17,0,0,0,0,0,0,0,0,43,32,413,5
Isaac Guerendo,SF,RB,86.7,5.4,16,0,0,0,0,84,420,4,1,16,15,152,0
Cam Akers,HOU,RB,86.2,5.1,17,0,0,0,0,104,444,2,1,18,14,68,3
Devin Singletary,NYG,RB,86.1,5.7,15,0,0,0,0,113,437,4,2,24,21,119,0
Austin Hooper,NE,TE,86.1,5.1,17,0,0,0,0,0,0,0,1,59,45,476,3
Devaughn Vele,DEN,WR,86,6.6,13,0,0,0,0,0,0,0,0,55,41,475,3
Jaleel McLaughlin,DEN,RB,85.2,5.3,16,0,0,0,0,113,496,1,1,27,24,76,2
Will Dissly,LAC,TE,85.1,5.7,15,0,0,0,0,0,0,0,0,64,50,481,2
Mack Hollins,BUF,WR,83.3,4.9,17,0,0,0,0,0,0,0,0,50,31,378,5
Ty Johnson,BUF,RB,82.7,4.9,17,0,0,0,0,41,213,1,0,25,18,284,3
Dallas Goedert,PHI,TE,82.6,8.3,10,0,0,0,0,0,0,0,0,52,42,496,2
Parker Washington,JAX,WR,81,4.8,17,0,0,0,0,0,0,1,0,51,32,390,3
Drew Lock,NYG,QB,80.1,10,8,107,1071,6,5,18,133,2,2,0,0,0,0
Noah Fant,SEA,TE,80,5.7,14,0,0,0,0,0,0,0,0,64,48,500,1
Dalton Kincaid,BUF,TE,78.8,6.1,13,0,0,0,0,0,0,0,0,75,44,448,2
Ricky Pearsall,SF,WR,78,7.1,11,0,0,0,0,3,45,0,0,46,31,400,3
Tutu Atwell,LAR,WR,77.9,4.6,17,0,0,0,0,2,7,0,0,62,42,562,0
Deshaun Watson,CLE,QB,76.7,11,7,137,1148,5,3,31,148,1,3,0,0,0,0
KaVontae Turpin,DAL,WR,76.7,4.5,17,0,0,0,0,16,92,0,1,52,31,420,2
Tim Patrick,DET,WR,75.9,4.7,16,0,0,0,0,0,0,0,0,43,33,394,3
Jalen Coker,CAR,WR,75.8,6.9,11,1,19,0,0,0,0,0,0,46,32,478,2
Braelon Allen,NYJ,RB,75.7,4.5,17,0,0,0,0,92,334,2,0,27,19,148,1
Marquez Valdes-Scantling,BUF,WR,75,5.4,14,0,0,0,0,1,4,0,0,44,19,411,4
Jake Ferguson,DAL,TE,74.9,5.4,14,0,0,0,0,0,0,0,2,86,59,494,0
Diontae Johnson,CAR,WR,72.6,6,12,0,0,0,0,2,6,0,0,67,33,375,3
Greg Dortch,ARI,WR,71.8,4.2,17,0,0,0,0,5,31,0,1,50,37,342,3
Brenton Strange,JAX,TE,71.1,4.2,17,0,0,0,0,0,0,0,1,53,40,411,2
Jordan Akins,CLE,TE,71,4.2,17,0,0,0,0,0,0,0,0,58,40,390,2
Zack Moss,CIN,RB,70.4,8.8,8,0,0,0,0,74,242,2,1,27,23,187,1
Roschon Johnson,CHI,RB,69.4,5,14,0,0,0,0,55,150,6,0,20,16,104,0
David Moore,CAR,WR,69.1,4.1,17,0,0,0,0,1,0,0,0,57,32,351,3
Noah Brown,WAS,WR,68.8,6.3,11,0,0,0,0,0,0,0,0,56,35,453,1
Samaje Perine,KC,RB,67.4,4,17,0,0,0,0,20,92,1,0,35,28,322,1
Spencer Rattler,NO,QB,67.3,9.6,7,130,1317,4,5,18,146,0,3,0,0,0,0
Evan Engram,JAX,TE,66,7.3,9,0,0,0,0,0,0,0,1,64,47,365,1
T.J. Hockenson,MIN,TE,66,6.6,10,0,0,0,0,0,0,0,0,62,41,455,0
Cedric Tillman,CLE,WR,65.9,6,11,0,0,0,0,1,-5,0,1,49,29,339,3
Rashid Shaheed,NO,WR,65.8,11,6,0,0,0,0,6,29,0,0,41,20,349,3
Miles Sanders,CAR,RB,65.3,5.9,11,0,0,0,0,55,205,2,0,30,24,148,1
Sterling Shepard,TB,WR,64.3,4.6,14,0,0,0,0,8,69,0,0,51,32,334,1
Sean Tucker,TB,RB,64.2,3.8,17,0,0,0,0,50,308,2,0,12,9,109,1
AJ Barner,SEA,TE,63.5,3.7,17,0,0,0,0,0,0,0,0,38,30,245,4
Gus Edwards,LAC,RB,62.6,5.7,11,0,0,0,0,101,365,4,0,5,3,6,0
Raheem Mostert,MIA,RB,61.4,4.7,13,0,0,0,0,85,278,2,2,23,19,161,0
Nick Chubb,CLE,RB,60.8,7.6,8,0,0,0,0,102,332,3,1,11,5,31,1
Chris Olave,NO,WR,60.7,7.6,8,0,0,0,0,1,7,0,1,44,32,400,1
Tyler Huntley,MIA,QB,60.7,12.1,5,86,829,3,3,26,135,2,2,0,0,0,0
Taysom Hill,NO,QB,60.6,7.6,8,2,21,0,1,39,278,6,1,31,23,187,0
Jeremy McNichols,WAS,RB,59.3,3.5,17,0,0,0,0,55,261,4,0,12,9,27,0
Andy Dalton,CAR,QB,59,9.8,6,106,989,7,6,11,34,0,0,0,0,0,0
Tyler Boyd,TEN,WR,58.8,3.7,16,0,0,0,0,1,3,0,0,57,39,390,0
Christian Kirk,JAX,WR,57.4,7.2,8,0,0,0,0,0,0,0,0,47,27,379,1
Ja'Tavion Sanders,CAR,TE,56.7,3.5,16,0,0,0,0,0,0,0,0,43,33,342,1
Brandin Cooks,DAL,WR,56.6,5.7,10,0,0,0,0,3,-3,0,0,54,26,259,3
Josh Oliver,MIN,TE,54.8,3.7,15,0,0,0,0,0,0,0,0,28,22,258,3
Kenneth Gainwell,PHI,RB,54.6,3.2,17,0,0,0,0,75,290,1,0,22,16,116,0
Theo Johnson,NYG,TE,53.6,4.5,12,0,0,0,0,0,0,0,0,43,29,331,1
Troy Franklin,DEN,WR,53.1,3.3,16,0,0,0,0,2,8,0,0,52,28,263,2
Rashee Rice,KC,WR,52.9,13.2,4,0,0,0,0,1,1,0,0,29,24,288,2
Dyami Brown,WAS,WR,52.4,3.3,16,0,0,0,0,3,26,0,1,40,30,308,1
Justin Watson,KC,WR,51.9,3.1,17,0,0,0,0,0,0,0,0,32,22,289,2
Malik Willis,GB,QB,51.8,7.4,7,40,550,3,0,20,138,1,1,0,0,0,0
Van Jefferson,PIT,WR,51.6,3,17,0,0,0,0,0,0,0,0,40,24,276,2
Ezekiel Elliott,DAL,RB,51.5,3.4,15,0,0,0,0,74,226,3,1,15,12,69,0
Kendrick Bourne,NE,WR,51.1,4.3,12,0,0,0,0,1,6,0,0,38,28,305,1
Isiah Pacheco,KC,RB,50.9,7.3,7,0,0,0,0,83,310,1,0,16,12,79,0
Colby Parkinson,LAR,TE,50.4,3,17,0,0,0,0,0,0,0,0,49,30,294,1
Brandon Aiyuk,SF,WR,49.9,7.1,7,0,0,0,0,0,0,0,0,47,25,374,0
Lil'Jordan Humphrey,DEN,WR,48.8,2.9,17,0,0,0,0,0,0,0,1,45,31,293,1
Curtis Samuel,BUF,WR,48.2,3.4,14,0,0,0,0,5,14,0,0,46,31,253,1
Kyle Juszczyk,SF,RB,48.1,2.8,17,0,0,0,0,5,26,1,1,31,19,200,2
Dawson Knox,BUF,TE,48.1,3,16,0,0,0,0,0,0,0,0,33,22,311,1
Tyler Johnson,LAR,WR,48.1,3.2,15,0,0,0,0,0,0,0,0,41,26,291,1
Grant Calcaterra,PHI,TE,47.8,2.8,17,0,0,0,0,0,0,0,0,30,24,298,1
Josh Whyle,TEN,TE,46.8,2.8,17,0,0,0,0,0,0,0,0,37,28,248,1
Emari Demercado,ARI,RB,46.7,3.6,13,0,0,0,0,24,223,1,0,20,16,104,0
Dare Ogunbowale,HOU,RB,46.5,2.7,17,0,0,0,0,30,112,0,0,28,19,198,1
Mike Williams,NYJ,WR,46.3,2.6,18,0,0,0,0,0,0,0,0,34,21,298,1
Audric Estime,DEN,RB,46.2,3.6,13,0,0,0,0,76,310,2,1,5,5,27,0
Trey Sermon,IND,RB,45.8,2.7,17,0,0,0,0,56,159,2,0,19,16,99,0
Marcus Mariota,WAS,QB,45.8,15.3,3,34,364,4,0,18,92,1,0,0,0,0,0
Jacoby Brissett,NE,QB,45.2,5.7,8,95,826,2,1,15,62,0,1,0,0,0,0
Tommy Tremble,CAR,TE,44.9,3.7,12,0,0,0,0,0,0,0,1,32,23,234,2
JuJu Smith-Schuster,KC,WR,44.1,3.1,14,0,0,0,0,0,0,0,0,26,18,231,2
Michael Penix Jr.,ATL,QB,44.1,8.8,5,61,775,3,3,7,11,1,0,0,0,0,0
Trey Benson,ARI,RB,44,3.4,13,0,0,0,0,63,291,1,0,6,6,59,0
Gabe Davis,JAX,WR,43.9,4.4,10,0,0,0,0,0,0,0,1,42,20,239,2
Malik Washington,MIA,WR,43.8,3.1,14,0,0,0,0,5,25,1,0,36,26,223,0
Luke Schoonmaker,DAL,TE,43.6,2.6,17,0,0,0,0,0,0,0,0,36,27,241,1
John Metchie III,HOU,WR,43.4,3.3,13,0,0,0,0,0,0,0,0,37,24,254,1
Dameon Pierce,HOU,RB,42.5,3.9,11,0,0,0,0,40,293,2,0,4,2,2,0
Nelson Agholor,BAL,WR,42.1,3,14,0,0,0,0,0,0,0,0,29,14,231,2
Kalif Raymond,DET,WR,42,3.5,12,0,0,0,0,2,0,0,0,22,17,215,2
Jordan Whittington,LAR,WR,41.5,2.8,15,0,0,0,0,2,12,0,0,28,22,293,0
Isaiah Davis,NYJ,RB,41.4,2.4,17,0,0,0,0,30,174,1,0,12,9,75,1
Adonai Mitchell,IND,WR,41.3,2.4,17,1,24,0,0,4,6,0,1,55,23,312,0
Christian McCaffrey,SF,RB,40.3,10.1,4,0,0,0,0,50,202,0,1,19,15,146,0
Nick Vannett,TEN,TE,40,2.4,17,0,0,0,0,0,0,0,0,20,17,135,3
Elijah Higgins,ARI,TE,39.2,2.3,17,0,0,0,0,0,0,0,0,24,20,172,2
DJ Turner,LV,WR,39.1,3.3,12,0,0,0,0,5,33,1,0,29,16,158,1
Tyler Goodson,IND,RB,38.9,2.4,16,0,0,0,0,32,153,1,0,15,11,61,1
Adam Trautman,DEN,TE,37.3,2.2,17,0,0,0,0,0,0,0,0,22,13,188,2
Cedrick Wilson Jr.,NO,WR,37.1,2.5,15,1,21,1,0,0,0,0,0,27,20,211,1
Chris Brooks,GB,RB,36.7,2.4,15,0,0,0,0,36,183,1,0,13,11,69,0
Nate Adkins,DEN,TE,36.5,2.1,17,0,0,0,0,0,0,0,0,15,14,115,3
Johnny Mundt,MIN,TE,35.7,2.1,17,0,0,0,0,0,0,0,0,27,19,142,2
Darnell Washington,PIT,TE,35.5,2.1,17,0,0,0,0,0,0,0,0,25,19,200,1
Derius Davis,LAC,WR,33.6,2.2,15,0,0,0,0,12,39,0,0,17,13,112,2
Jamaal Williams,NO,RB,32.6,2.3,14,0,0,0,0,48,164,1,0,11,9,57,0
Jahan Dotson,PHI,WR,32.4,1.9,17,0,0,0,0,1,13,0,0,33,19,216,0
Josh Reynolds,DEN,WR,31.9,3.5,9,0,0,0,0,0,0,0,0,24,13,194,1
Cordarrelle Patterson,PIT,RB,31.5,2.4,13,0,0,0,0,32,135,0,1,14,12,80,1
Hassan Haskins,LAC,RB,31.3,1.8,17,0,0,0,0,34,89,2,1,3,3,49,1
Chris Rodriguez Jr.,WAS,RB,31,3.1,10,0,0,0,0,35,173,2,0,1,1,12,0
Joshua Dobbs,SF,QB,30.8,15.4,2,32,361,2,2,9,24,2,1,0,0,0,0
Tylan Wallace,BAL,WR,30.8,1.8,17,0,0,0,0,0,0,0,0,12,11,193,1
Ryan Miller,TB,WR,30.8,2.8,11,0,0,0,0,0,0,0,0,20,12,128,2
Michael Carter,ARI,RB,30.3,10.1,3,0,0,0,0,35,131,1,0,11,11,57,0
Kimani Vidal,LAC,RB,30.2,3,10,0,0,0,0,43,155,0,0,9,5,62,1
Blake Corum,LAR,RB,30,1.8,17,0,0,0,0,58,207,0,0,8,7,58,0
D'Ernest Johnson,JAX,RB,29.9,2.1,14,0,0,0,0,32,143,0,0,19,12,96,0
Jalen Brooks,DAL,WR,29.7,2.1,14,0,0,0,0,0,0,0,0,30,12,177,1
D'Onta Foreman,CLE,RB,29.6,2.7,11,0,0,0,0,71,232,0,1,8,6,54,0
Trey Palmer,TB,WR,29.2,1.9,15,0,0,0,0,0,0,0,0,22,12,172,1
Tanner Hudson,CIN,TE,29,2.6,11,0,0,0,0,1,1,0,1,23,19,154,1
Payne Durham,TB,TE,29,1.8,16,0,0,0,0,0,0,0,0,14,11,115,2
Tanner McKee,PHI,QB,28.8,14.4,2,30,323,4,0,5,-1,0,0,0,0,0,0
Brock Wright,DET,TE,28.5,1.7,17,0,0,0,0,0,0,0,0,16,13,100,2
Robert Woods,HOU,WR,28.3,1.9,15,0,0,0,0,0,0,0,1,30,20,203,0
Patrick Taylor Jr.,SF,RB,28.3,2.2,13,0,0,0,0,39,183,1,0,11,3,25,0
Pierre Strong Jr.,CLE,RB,28.2,2,14,0,0,0,0,26,108,0,0,22,14,104,0
Mecole Hardman,KC,WR,27.2,2.3,12,0,0,0,0,5,62,1,0,14,12,90,0
Stone Smartt,LAC,TE,26.8,1.8,15,0,0,0,0,0,0,0,1,19,16,208,0
Cade Stover,HOU,TE,26.8,1.8,15,0,0,0,0,0,0,0,0,22,15,133,1
Mo Alie-Cox,IND,TE,26.7,1.6,17,0,0,0,0,0,0,0,0,22,12,147,1
Malik Heath,GB,WR,26.7,2.1,13,0,0,0,0,0,0,0,0,13,10,97,2
Ja'Lynn Polk,NE,WR,26.7,1.8,15,0,0,0,0,1,0,0,0,33,12,87,2
Kendre Miller,NO,RB,26.6,4.4,6,0,0,0,0,39,148,1,0,8,5,33,0
Drew Sample,CIN,TE,26.5,1.6,17,0,0,0,0,1,-4,0,0,22,20,109,1
Khalil Herbert,CHI,RB,26.5,1.9,14,0,0,0,0,36,130,1,0,11,10,25,0
Zamir White,LV,RB,26.3,3.3,8,0,0,0,0,65,183,1,2,8,6,30,0
Michael Mayer,LV,TE,26.1,2.4,11,0,0,0,0,0,0,0,0,32,21,156,0
Dante Pettis,NO,WR,26,3.3,8,0,0,0,0,0,0,0,0,28,12,120,1
Luke McCaffrey,WAS,WR,25.8,1.5,17,0,0,0,0,0,0,0,0,24,18,168,0
Erick All Jr.,CIN,TE,25.8,2.9,9,0,0,0,0,0,0,0,0,22,20,158,0
Ty Chandler,MIN,RB,25.4,1.5,17,0,0,0,0,56,182,0,0,6,6,42,0
Kylen Granson,IND,TE,25.2,1.5,17,0,0,0,0,0,0,0,0,31,14,182,0
Jaylen Wright,MIA,RB,25.2,1.7,15,0,0,0,0,68,249,0,1,6,3,8,0
Kenny Pickett,PHI,QB,25.1,5,5,25,291,2,1,9,15,1,0,0,0,0,0
Lucas Krull,DEN,TE,24.7,1.9,13,0,0,0,0,0,0,0,0,23,19,152,0
Michael Burton,DEN,RB,24.3,1.4,17,0,0,0,0,7,8,1,0,10,10,65,1
Sincere McCormick,LV,RB,24.2,4.8,5,0,0,0,0,39,183,0,0,7,6,29,0
JaMycal Hasty,NE,RB,23.8,1.6,15,0,0,0,0,20,69,0,0,12,10,59,1
Charlie Kolar,BAL,TE,23.8,1.8,13,0,0,0,0,1,2,0,0,11,9,131,1
Jamison Crowder,WAS,WR,23.7,3.9,6,0,0,0,0,0,0,0,0,13,9,72,2
Jonathan Mingo,CAR,WR,23.7,1.4,17,0,0,0,0,2,5,0,1,42,17,167,0
Jake Bobo,SEA,WR,23.2,1.4,17,0,0,0,0,0,0,0,0,17,13,107,1
Tyler Higbee,LAR,TE,22.6,7.5,3,0,0,0,0,0,0,0,0,12,8,66,2
KhaDarel Hodge,ATL,WR,22.6,1.3,17,0,0,0,0,0,0,0,0,12,7,131,1
Bub Means,NO,WR,22.3,3.2,7,0,0,0,0,0,0,0,0,15,9,118,1
Desmond Ridder,LV,QB,21.9,4.4,5,52,458,2,2,9,36,0,2,0,0,0,0
Kevin Austin Jr.,NO,WR,21.5,2.7,8,0,0,0,0,1,9,0,0,22,11,151,0
Drew Ogletree,IND,TE,21.4,1.3,17,0,0,0,0,0,0,0,0,14,9,109,1
Eric Saubert,SF,TE,21.2,1.2,17,0,0,0,0,0,0,0,0,14,11,97,1
Hunter Luepke,DAL,RB,20.9,1.3,16,0,0,0,0,12,38,0,0,16,12,111,0
Kenny McIntosh,SEA,RB,20.9,1.2,17,0,0,0,0,31,172,0,0,4,3,22,0
Alec Ingold,MIA,RB,20.8,1.4,15,0,0,0,0,10,17,1,1,12,11,96,0
Carson Steele,KC,RB,20.4,1.2,17,0,0,0,0,56,183,0,2,11,7,26,0
Jordan Mims,NO,RB,20.1,1.8,11,0,0,0,0,20,70,0,0,18,12,71,0
Tyrod Taylor,NYJ,QB,20.1,10,2,17,119,3,0,3,13,0,0,0,0,0,0
Jimmy Garoppolo,LAR,QB,19.9,19.9,1,27,334,2,1,2,5,0,0,0,0,0,0
Jeremy Ruckert,NYJ,TE,19.5,1.1,17,0,0,0,0,0,0,0,0,28,18,105,0
Daniel Bellinger,NYG,TE,19.5,1.1,17,0,0,0,0,0,0,0,0,17,14,125,0
Craig Reynolds,DET,RB,19.4,1.1,17,0,0,0,0,31,139,0,0,5,3,40,0
Joe Milton III,NE,QB,19.2,19.2,1,22,241,1,0,10,16,1,1,0,0,0,0
Bo Melton,GB,WR,18.5,1.1,17,0,0,0,0,8,54,0,0,17,8,91,0
Trent Sherfield Sr.,MIN,WR,18.3,1.1,17,0,0,0,0,0,0,0,0,9,8,83,1
Ashton Dulin,IND,WR,18.2,1.2,15,0,0,0,0,5,45,0,0,8,2,67,1
Xavier Hutchinson,HOU,WR,17.7,1.1,16,0,0,0,0,0,0,0,0,26,12,117,0
Rakim Jarrett,TB,WR,16.9,1.7,10,0,0,0,0,0,0,0,0,11,9,124,0
Mason Tipton,NO,WR,16.9,1.5,11,0,0,0,0,0,0,0,0,26,14,99,0
Julian Hill,MIA,TE,16,1,16,0,0,0,0,0,0,0,0,19,12,100,0
Ronnie Rivers,LAR,RB,15.8,0.9,17,0,0,0,0,22,99,0,0,6,5,34,0
Dorian Thompson-Robinson,CLE,QB,15.8,2.3,7,61,440,0,6,21,122,0,1,0,0,0,0
Patrick Ricard,BAL,RB,15.7,0.9,17,0,0,0,0,0,0,1,0,5,3,22,1
Mitchell Trubisky,BUF,QB,15.3,1.7,9,19,179,2,0,17,1,0,0,0,0,0,0
K.J. Osborn,NE,WR,15.2,1.9,8,0,0,0,0,0,0,0,0,18,7,57,1
Ainias Smith,PHI,WR,14.2,2,7,0,0,0,0,2,6,0,0,9,7,41,1
Blake Whiteheart,CLE,TE,14.1,1.3,11,0,0,0,0,0,0,0,0,9,6,51,1
Tim Boyle,MIA,QB,13.9,4.6,3,27,276,1,1,3,9,0,0,0,0,0,0
Devin Duvernay,JAX,WR,13.7,1.1,13,0,0,0,0,4,3,0,0,16,11,79,0
Will Shipley,PHI,RB,13.7,0.9,16,0,0,0,0,30,82,0,0,4,4,35,0
Marquise Brown,KC,WR,13.6,6.8,2,0,0,0,0,0,0,0,0,15,9,91,0
Simi Fehoko,LAC,WR,13.6,1.7,8,0,0,0,0,0,0,0,0,16,6,106,0
DeeJay Dallas,ARI,RB,13.5,0.8,17,0,0,0,0,9,49,0,0,3,3,11,1
Tommy Devito,NYG,QB,13.5,4.5,3,31,257,0,0,8,32,0,0,0,0,0,0
Tyrell Shavers,BUF,WR,13.4,4.5,3,0,0,0,0,0,0,0,0,1,1,69,1
Brevyn Spann-Ford,DAL,TE,13.3,0.8,17,0,0,0,0,0,0,0,0,14,9,88,0
Jake Haener,NO,QB,13.2,1.7,8,18,226,1,1,11,22,0,0,0,0,0,0
Kenny Yeboah,NYJ,TE,13.2,1.5,9,0,0,0,0,0,0,0,0,8,5,47,1
Ryan Flournoy,DAL,WR,13.2,1.2,11,0,0,0,0,0,0,0,1,14,10,102,0
Harrison Bryant,LV,TE,13.1,1,13,0,0,0,0,0,0,0,0,12,9,86,0
MyCole Pruitt,PIT,TE,13,1.1,12,0,0,0,0,0,0,0,0,10,6,40,1
Connor Heyward,PIT,TE,13,0.8,17,0,0,0,0,0,0,0,0,8,6,40,1
Trey Lance,DAL,QB,12.7,3.2,4,25,266,0,1,11,41,0,0,0,0,0,0
Luke Farrell,JAX,TE,12.7,0.7,17,0,0,0,0,0,0,0,0,17,12,67,0
Jermaine Burton,CIN,WR,12.7,0.9,14,0,0,0,0,0,0,0,0,14,4,107,0
Bryce Oliver,TEN,WR,12.5,1.3,10,0,0,0,0,0,0,0,0,9,6,95,0
Zay Jones,ARI,WR,12.4,1.1,11,0,0,0,0,0,0,0,0,11,8,84,0
Johnny Wilson,PHI,WR,12.3,0.8,16,0,0,0,0,0,0,0,0,15,5,38,1
Eric Gray,NYG,RB,12.3,0.7,17,0,0,0,0,14,31,0,2,11,10,82,0
Julius Chestnut,TEN,RB,12.3,0.7,17,0,0,0,0,22,102,0,0,3,2,11,0
Quintin Morris,BUF,TE,12.1,0.8,16,0,0,0,0,0,0,0,0,8,5,36,1
Parris Campbell,PHI,WR,12,2.4,5,0,0,0,0,0,0,0,0,8,6,30,1
DeAndre Carter,CHI,WR,11.7,0.9,13,0,0,0,0,0,0,0,0,14,9,72,0
Tony Jones,ARI,RB,11.5,11.5,1,0,0,0,0,4,55,1,0,0,0,0,0
Tay Martin,TEN,WR,11.4,11.4,1,0,0,0,0,0,0,0,0,2,1,49,1
Xavier Gipson,NYJ,WR,11.4,0.7,17,0,0,0,0,1,5,0,1,10,6,39,1
Hayden Hurst,LAC,TE,11.3,1.3,9,0,0,0,0,0,0,0,0,13,8,73,0
Ben Sinnott,WAS,TE,11.3,0.7,17,0,0,0,0,0,0,0,0,5,5,28,1
Devin Culp,TB,TE,11.3,2.3,5,0,0,0,0,0,0,0,0,6,5,88,0
Jalen Reagor,LAC,WR,11.2,1.4,8,0,0,0,0,3,-3,0,1,12,7,100,0
DJ Chark,LAC,WR,11.1,1.6,7,0,0,0,0,0,0,0,0,10,4,31,1
C.J. Ham,MIN,RB,11,0.6,17,0,0,0,0,2,10,1,1,6,5,35,0
Jacob Cowing,SF,WR,10.7,0.7,15,0,0,0,0,1,7,0,0,6,4,80,0
Chris Conley,SF,WR,10.6,0.7,15,0,0,0,0,0,0,0,0,12,6,76,0
Brandon Powell,MIN,WR,10.6,0.6,17,0,0,0,0,0,0,0,0,10,7,71,0
Chris Manhertz,NYG,TE,10.5,0.6,17,0,0,0,0,0,0,0,0,4,3,30,1
John Bates,WAS,TE,10.4,0.6,17,0,0,0,0,0,0,0,1,13,8,84,0
Deuce Vaughn,DAL,RB,10.3,1.5,7,0,0,0,0,17,70,0,0,5,3,18,0
Jalin Hyatt,NYG,WR,10.2,0.6,16,0,0,0,0,0,0,0,0,19,8,62,0
River Cracraft,MIA,WR,10.1,1.3,8,0,0,0,0,0,0,0,0,9,7,66,0
Odell Beckham Jr.,MIA,WR,10,1.1,9,0,0,0,0,0,0,0,0,19,9,55,0
Michael Woods II,CLE,WR,10,2,5,0,0,0,0,0,0,0,0,17,7,65,0
Durham Smythe,MIA,TE,9.8,0.6,17,0,0,0,0,0,0,0,0,17,9,53,0
Davis Mills,HOU,QB,9.6,2.4,4,20,212,0,0,3,11,0,0,0,0,0,0
Hunter Long,LAR,TE,9.5,0.6,17,0,0,0,0,0,0,0,0,9,7,60,0
Scotty Miller,PIT,WR,9.4,0.7,13,0,0,0,0,0,0,0,0,9,5,69,0
Ben Skowronek,PIT,WR,9.4,0.9,10,0,0,0,0,0,0,0,0,5,5,69,0
Jeff Wilson Jr.,MIA,RB,9.1,0.9,10,0,0,0,0,16,57,0,0,3,3,19,0
Kristian Wilkerson,LV,WR,8.8,2.9,3,0,0,0,0,0,0,0,0,3,2,18,1
Devontez Walker,BAL,WR,8.6,1,9,0,0,0,0,0,0,0,0,3,1,21,1
Pharaoh Brown,SEA,TE,8.5,0.6,15,0,0,0,0,0,0,0,1,12,8,65,0
Clyde Edwards-Helaire,NO,RB,8.5,4.3,2,0,0,0,0,13,46,0,0,5,3,24,0
Charlie Woerner,ATL,TE,8.1,0.5,16,0,0,0,0,0,0,0,0,12,7,46,0
Raheem Blackshear,CAR,RB,8,0.5,16,0,0,0,0,15,80,0,0,0,0,0,0
Luke Musgrave,GB,TE,8,1.1,7,0,0,0,0,0,0,0,0,10,7,45,0
Tyler Badie,DEN,RB,7.9,2.6,3,0,0,0,0,11,86,0,1,3,3,-2,0
Skylar Thompson,MIA,QB,7.9,2.6,3,21,187,0,0,1,4,0,0,0,0,0,0
Gerald Everett,CHI,TE,7.6,0.4,17,0,0,0,0,0,0,0,0,13,8,36,0
Peyton Hendershot,KC,TE,7.6,1.1,7,0,0,0,0,0,0,0,0,5,5,51,0
Tucker Fisk,LAC,TE,7.4,0.8,9,0,0,0,0,0,0,0,0,8,7,39,0
E.J. Jenkins,PHI,TE,7.2,0.9,8,0,0,0,0,0,0,0,0,2,1,7,1
Bailey Zappe,CLE,QB,7,7,1,16,170,1,2,2,2,0,0,0,0,0,0
Britain Covey,PHI,WR,6.9,1.4,5,0,0,0,0,0,0,0,0,8,7,34,0
Davis Allen,LAR,TE,6.9,0.5,15,0,0,0,0,0,0,0,0,13,6,39,0
Tyquan Thornton,NE,WR,6.7,1.1,6,0,0,0,0,0,0,0,0,8,4,47,0
Tip Reiman,ARI,TE,6.7,0.4,17,0,0,0,0,0,0,0,0,7,6,37,0
Sione Vaki,DET,RB,6.6,0.4,16,0,0,0,0,6,14,0,0,3,3,37,0
Brandon Allen,SF,QB,6.4,2.1,3,17,199,1,2,3,4,0,1,0,0,0,0
Keaton Mitchell,BAL,RB,6.3,1.3,5,0,0,0,0,15,30,0,0,1,1,28,0
Ben Sims,GB,TE,6.2,0.4,17,0,0,0,0,0,0,0,0,5,4,42,0
Jonathon Brooks,CAR,RB,6,2,3,0,0,0,0,9,22,0,0,3,3,23,0
Dee Eskridge,MIA,WR,5.9,1,6,0,0,0,0,0,0,0,0,3,3,44,0
Nikko Remigio,KC,WR,5.8,1.2,5,0,0,0,0,0,0,0,0,6,2,48,0
Terrace Marshall Jr.,LV,WR,5.6,0.8,7,0,0,0,0,0,0,0,0,6,3,41,0
Tim Jones,JAX,WR,5.6,0.3,17,0,0,0,0,0,0,0,0,5,3,41,0
Treylon Burks,TEN,WR,5.5,1.1,5,0,0,0,0,2,1,0,0,8,4,34,0
J.J. Taylor,HOU,RB,5.4,1.1,5,0,0,0,0,10,44,0,0,3,2,0,0
Cody White,SEA,WR,5.4,1.4,4,0,0,0,0,0,0,0,0,3,2,44,0
Mike Boone,CAR,RB,5.4,0.9,6,0,0,0,0,13,51,0,0,3,1,-2,0
Greg Dulcich,DEN,TE,5.3,0.6,9,0,0,0,0,0,0,0,0,12,5,28,0
Cam Grandy,CIN,TE,5.3,0.7,8,0,0,0,0,0,0,0,0,5,5,28,0
Dan Chisena,CAR,WR,5.2,0.9,6,0,0,0,0,0,0,0,0,4,3,37,0
Xavier Smith,LAR,WR,5.2,0.3,15,0,0,0,0,4,36,0,0,2,2,6,0
Travis Homer,CHI,RB,4.9,0.5,10,0,0,0,0,6,23,0,0,3,3,11,0
Will Mallory,IND,TE,4.9,0.5,10,0,0,0,0,0,0,0,0,8,4,29,0
Carson Wentz,KC,QB,4.7,1.6,3,12,118,0,0,3,0,0,0,0,0,0,0
Deven Thompkins,CAR,WR,4.7,0.7,7,0,0,0,0,2,7,0,0,4,4,20,0
Alex Bachman,LV,WR,4.6,0.8,6,0,0,0,0,0,0,0,0,3,3,31,0
Allen Robinson II,DET,WR,4.5,0.4,12,0,0,0,0,0,0,0,0,7,3,30,0
Jacob Kibodi,CLE,RB,4.4,4.4,1,0,0,0,0,5,24,0,0,3,1,15,0
Laviska Shenault Jr.,SEA,WR,4.2,0.4,12,0,0,0,0,1,1,0,1,5,5,36,0
David Bell,CLE,WR,4.2,4.2,1,0,0,0,0,0,0,0,0,3,3,27,0
Jermar Jefferson,DET,RB,3.7,1.9,2,0,0,0,0,6,22,0,0,1,1,10,0
Malachi Corley,NYJ,WR,3.7,0.4,9,0,0,0,0,2,26,0,1,6,3,16,0
Jamari Thrash,CLE,WR,3.7,0.4,9,0,0,0,0,0,0,0,0,7,3,22,0
Scott Matlock,LAC,RB,3.6,0.3,12,0,0,0,0,0,0,0,0,3,3,21,0
Dallin Holker,NO,TE,3.6,0.3,12,0,0,0,0,0,0,0,0,4,3,21,0
Dalvin Cook,DAL,RB,3.5,1.8,2,0,0,0,0,8,20,0,0,1,1,10,0
Terrell Jennings,NE,RB,3.3,1.1,3,0,0,0,0,13,33,0,0,1,0,0,0
Ronnie Bell,SF,WR,3.2,0.4,9,0,0,0,0,0,0,0,0,6,2,22,0
Jase McClellan,ATL,RB,3.2,1.6,2,0,0,0,0,13,32,0,0,0,0,0,0
Taylor Heinicke,LAC,QB,3.1,0.8,4,3,28,0,0,2,20,0,0,0,0,0,0
Tanner Conner,MIA,TE,3.1,0.4,8,0,0,0,0,0,0,0,0,4,3,16,0
Rasheen Ali,BAL,RB,3.1,0.5,6,0,0,0,0,10,31,0,0,2,0,0,0
Trenton Irwin,CIN,WR,3,0.4,7,0,0,0,0,0,0,0,0,10,3,15,0
Austin Trammell,JAX,WR,3,3,1,0,0,0,0,0,0,0,1,3,2,40,0
Jaheim Bell,NE,TE,3,0.2,15,0,0,0,0,0,0,0,0,3,2,20,0
Josiah Deguara,JAX,TE,2.9,0.2,15,0,0,0,0,0,0,0,0,3,3,14,0
Blake Watson,DEN,RB,2.8,1.4,2,0,0,0,0,4,10,0,0,2,1,13,0
Anthony Gould,IND,WR,2.8,0.3,8,0,0,0,0,0,0,0,0,1,1,23,0
Mason Kinsey,TEN,WR,2.7,0.5,6,0,0,0,0,0,0,0,0,2,2,17,0
Shane Zylstra,DET,TE,2.7,0.2,12,0,0,0,0,0,0,0,0,1,1,22,0
Hendon Hooker,DET,QB,2.7,0.9,3,6,62,0,0,5,2,0,0,0,0,0,0
Velus Jones Jr.,CHI,WR,2.4,0.8,3,0,0,0,0,3,11,0,0,1,1,8,0
MarShawn Lloyd,GB,RB,2.3,2.3,1,0,0,0,0,6,15,0,0,1,1,3,0
Ian Thomas,CAR,TE,2.2,0.4,5,0,0,0,0,0,0,0,0,6,3,7,0
Isaiah Hodgins,NYG,WR,2.2,0.7,3,0,0,0,0,0,0,0,0,2,2,12,0
Jonathan Ward,PIT,RB,2.2,0.6,4,0,0,0,0,5,22,0,0,0,0,0,0
Chris Blair,ATL,WR,2.2,0.6,4,0,0,0,0,0,0,0,0,2,1,17,0
Anthony Miller,BAL,WR,2.1,1.1,2,0,0,0,0,0,0,0,0,1,1,16,0
Grant DuBose,MIA,WR,2.1,0.7,3,0,0,0,0,0,0,0,0,4,2,11,0
Jack Stoll,PHI,TE,2,0.2,11,0,0,0,0,0,0,0,0,3,2,10,0
Eric Tomlinson,LAC,TE,1.9,0.2,9,0,0,0,0,0,0,0,0,4,2,9,0
Casey Washington,ATL,WR,1.9,0.2,9,0,0,0,0,0,0,0,0,2,1,14,0
Feleipe Franks,CAR,TE,1.7,0.1,16,0,0,0,0,0,0,0,0,3,1,12,0
Brevin Jordan,HOU,TE,1.7,0.8,2,0,0,0,0,0,0,0,0,3,2,7,0
Aaron Shampklin,PIT,RB,1.7,0.6,3,0,0,0,0,6,17,0,0,0,0,0,0
Javon Baker,NE,WR,1.7,0.2,11,0,0,0,0,0,0,0,0,4,1,12,0
Trent Taylor,SF,WR,1.6,0.8,2,0,0,0,0,0,0,0,0,1,1,11,0
James Proche II,CLE,WR,1.6,0.2,9,0,0,0,0,0,0,0,1,3,3,21,0
Isaiah Williams,DET,WR,1.6,0.2,8,0,0,0,0,0,0,0,0,3,2,6,0
Myles Gaskin,MIN,RB,1.5,0.3,5,0,0,0,0,3,-1,0,0,1,1,11,0
George Holani,SEA,RB,1.4,0.3,5,0,0,0,0,3,10,0,0,1,1,-1,0
Brandon Johnson,PIT,WR,1.4,0.5,3,0,0,0,0,0,0,0,0,1,1,9,0
Kendric Pryor,CIN,WR,1.4,0.7,2,0,0,0,0,0,0,0,0,1,1,9,0
Cody Schrader,LAR,RB,1.4,1.4,1,0,0,0,0,1,3,0,0,1,1,6,0
Nick Mullens,MIN,QB,1.3,0.3,4,2,38,0,0,3,-2,0,0,0,0,0,0
Chris Collier,BAL,RB,1.3,0.2,8,0,0,0,0,5,12,0,0,2,1,-4,0
Geoff Swaim,CLE,TE,1.2,0.1,8,0,0,0,0,0,0,0,0,1,1,7,0
John Samuel Shenker,LV,TE,1.2,0.1,8,0,0,0,0,0,0,0,0,1,1,7,0
Jared Wiley,KC,TE,1.2,0.2,7,0,0,0,0,0,0,0,0,1,1,7,0
Ramel Keyton,LV,WR,1.2,0.1,8,0,0,0,0,0,0,0,0,3,1,7,0
Mike White,BUF,QB,1.1,1.1,1,3,28,0,0,0,0,0,0,0,0,0,0
John Ross,PHI,WR,1.1,1.1,1,0,0,0,0,0,0,0,0,2,1,6,0
Collin Johnson,CHI,WR,1.1,0.1,9,0,0,0,0,0,0,0,0,2,1,6,0
Jaelon Darden,CLE,WR,1.1,0.1,12,0,0,0,0,0,0,0,0,1,1,6,0
Tyreik McAllister,LV,WR,1.1,0.4,3,0,0,0,0,2,11,0,0,0,0,0,0
Kameron Johnson,TB,WR,1.1,0.2,5,0,0,0,0,2,11,0,0,1,0,0,0
David Martin-Robinson,TEN,TE,1.1,0.2,5,0,0,0,0,0,0,0,0,2,1,6,0
Robbie Chosen,MIA,WR,1,0.5,2,0,0,0,0,0,0,0,0,4,1,5,0
Ross Dwelley,ATL,TE,1,0.1,17,0,0,0,0,0,0,0,0,1,1,5,0
Jody Fortson,KC,TE,1,0.3,3,0,0,0,0,0,0,0,0,3,1,5,0
Zach Davidson,BUF,TE,1,0.3,3,0,0,0,0,0,0,0,0,2,1,5,0
Tyler Scott,CHI,WR,1,0.1,11,0,0,0,0,0,0,0,0,1,1,5,0
Josh Johnson,BAL,QB,0.8,0.1,6,2,17,0,0,4,1,0,0,0,0,0,0
Kyle Allen,PIT,QB,0.8,0.8,1,1,19,0,0,0,0,0,0,0,0,0,0
Marcedes Lewis,CHI,TE,0.7,0,17,0,0,0,0,0,0,0,0,2,1,2,0
Reggie Gilliam,BUF,RB,0.7,0,15,0,0,0,0,3,7,0,0,0,0,0,0
Tyrion Davis-Price,PHI,RB,0.7,0.7,1,0,0,0,0,3,7,0,0,0,0,0,0
John FitzPatrick,GB,TE,0.7,0.1,9,0,0,0,0,0,0,0,0,1,1,2,0
Jarrett Stidham,DEN,QB,0.5,0.2,3,0,0,0,0,4,5,0,0,0,0,0,0
Chris Oladokun,KC,QB,0.5,0.5,1,0,0,0,0,1,5,0,0,0,0,0,0
Ke'Shawn Vaughn,SF,RB,0.4,0.1,3,0,0,0,0,2,4,0,0,0,0,0,0
Darrynton Evans,CHI,RB,0.3,0.1,5,0,0,0,0,3,3,0,0,0,0,0,0
Brycen Tremayne,WAS,WR,0.3,0.1,2,0,0,0,0,0,0,0,0,1,1,-2,0
Joshua Kelley,TEN,RB,0.2,0.1,4,0,0,0,0,1,2,0,0,0,0,0,0
British Brooks,HOU,RB,0.2,0,5,0,0,0,0,1,2,0,0,0,0,0,0
Jordan Matthews,CAR,TE,0,0,4,0,0,0,0,0,0,0,0,1,0,0,0
C.J. Uzomah,PHI,TE,0,0,7,0,0,0,0,0,0,0,0,0,0,0,0
Laquon Treadwell,IND,WR,0,0,2,0,0,0,0,0,0,0,0,0,0,0,0
Chris Moore,ARI,WR,0,0,5,0,0,0,0,0,0,0,0,0,0,0,0
Jeff Driskel,WAS,QB,0,0,2,0,0,0,0,0,0,0,0,0,0,0,0
Alex Erickson,NE,WR,0,0,3,0,0,0,0,0,0,0,0,0,0,0,0
Zach Pascal,ARI,WR,0,0,17,0,0,0,0,0,0,0,0,0,0,0,0
Anthony Firkser,NYJ,TE,0,0,7,0,0,0,0,0,0,0,0,0,0,0,0
Robert Tonyan,MIN,TE,0,0,5,0,0,0,0,0,0,0,0,0,0,0,0
John Kelly,BAL,RB,0,0,2,0,0,0,0,0,0,0,0,0,0,0,0
Braxton Berrios,MIA,WR,0,0,6,0,0,0,0,0,0,0,0,4,0,0,0
Equanimeous St. Brown,NO,WR,0,0,2,0,0,0,0,0,0,0,0,0,0,0,0
Irv Smith,HOU,TE,0,0,5,0,0,0,0,0,0,0,0,0,0,0,0
Cody Thompson,TB,WR,0,0,1,0,0,0,0,0,0,0,0,0,0,0,0
Trayveon Williams,CIN,RB,0,0,16,0,0,0,0,0,0,0,0,0,0,0,0
Jakob Johnson,NYG,RB,0,0,3,0,0,0,0,0,0,0,0,0,0,0,0
Deonte Harty,BAL,WR,0,0,5,0,0,0,0,0,0,0,0,0,0,0,0
Andrew Beck,GB,RB,0,0,4,0,0,0,0,0,0,0,0,2,0,0,0
Khari Blasingame,CHI,RB,0,0,5,0,0,0,0,0,0,0,0,0,0,0,0
Steven Sims,HOU,WR,0,0,9,0,0,0,0,1,0,0,0,0,0,0,0
Tom Kennedy,DET,WR,0,0,4,0,0,0,0,0,0,0,0,1,0,0,0
Trishton Jackson,MIN,WR,0,0,2,0,0,0,0,0,0,0,0,0,0,0,0
Marquez Callaway,TB,WR,0,0,2,0,0,0,0,0,0,0,0,0,0,0,0
Mitchell Wilcox,NE,TE,0,0,2,0,0,0,0,0,0,0,0,0,0,0,0
Stephen Sullivan,CAR,TE,0,0,1,0,0,0,0,0,0,0,0,1,0,0,0
Tyler Mabry,SEA,TE,0,0,2,0,0,0,0,0,0,0,0,0,0,0,0
James Mitchell,DET,TE,0,0,1,0,0,0,0,0,0,0,0,0,0,0,0
Jaret Patterson,LAC,RB,0,0,1,0,0,0,0,0,0,0,0,0,0,0,0
Keaontay Ingram,KC,RB,0,0,1,0,0,0,0,0,0,0,0,0,0,0,0
Dez Fitzpatrick,LAC,WR,0,0,1,0,0,0,0,0,0,0,0,0,0,0,0
Ihmir Smith-Marsette,NYG,WR,0,0,15,0,0,0,0,0,0,0,0,0,0,0,0
Brandon Smith,NYJ,WR,0,0,1,0,0,0,0,0,0,0,0,0,0,0,0
Gary Brightwell,CLE,RB,0,0,2,0,0,0,0,0,0,0,0,0,0,0,0
Kene Nwangwu,NYJ,RB,0,0,2,0,0,0,0,0,0,0,0,0,0,0,0
Avery Williams,ATL,RB,0,0,17,0,0,0,0,0,0,0,0,0,0,0,0
Adam Prentice,NO,RB,0,0,17,0,0,0,0,0,0,0,0,4,0,0,0
Parker Hesse,DET,TE,0,0,5,0,0,0,0,0,0,0,0,0,0,0,0
Justyn Ross,KC,WR,0,0,2,0,0,0,0,0,0,0,0,1,0,0,0
Skyy Moore,KC,WR,0,0,6,0,0,0,0,0,0,0,0,3,0,0,0
Kendall Milton,CIN,RB,0,0,2,0,0,0,0,0,0,0,0,0,0,0,0
Erik Ezukanma,MIA,WR,0,0,2,0,0,0,0,0,0,0,0,2,0,0,0
Teagan Quitoriano,HOU,TE,0,0,7,0,0,0,0,0,0,0,0,0,0,0,0
Nikola Kalinic,LAR,TE,0,0,2,0,0,0,0,0,0,0,0,0,0,0,0
Jalen Cropper,DAL,WR,0,0,1,0,0,0,0,0,0,0,0,0,0,0,0
Montrell Washington,KC,WR,0,0,1,0,0,0,0,0,0,0,0,0,0,0,0
Ko Kieft,TB,TE,0,0,17,0,0,0,0,0,0,0,0,0,0,0,0
Nick Muse,MIN,TE,0,0,4,0,0,0,0,0,0,0,0,0,0,0,0
Dareke Young,SEA,WR,0,0,14,0,0,0,0,0,0,0,0,1,0,0,0
Jalen Virgil,BUF,WR,0,0,7,0,0,0,0,0,0,0,0,0,0,0,0
Jake Tonges,SF,TE,0,0,16,0,0,0,0,0,0,0,0,0,0,0,0
Rodney Williams,PIT,TE,0,0,6,0,0,0,0,0,0,0,0,0,0,0,0
Thomas Odukoya,TEN,TE,0,0,3,0,0,0,0,0,0,0,0,0,0,0,0
Kaden Davis,CLE,WR,0,0,1,0,0,0,0,0,0,0,0,0,0,0,0
Irvin Charles,NYJ,WR,0,0,13,0,0,0,0,0,0,0,0,1,0,0,0
Troy Hairston,HOU,RB,0,0,2,0,0,0,0,0,0,0,0,0,0,0,0
Maurice Alexander,DET,WR,0,0,3,0,0,0,0,0,0,0,0,0,0,0,0
Brayden Willis,SF,TE,0,0,10,0,0,0,0,0,0,0,0,2,0,0,0
Bryce Ford-Wheaton,NYG,WR,0,0,14,0,0,0,0,0,0,0,0,0,0,0,0
Evan Hull,IND,RB,0,0,1,0,0,0,0,0,0,0,0,0,0,0,0
Zack Kuntz,NYJ,TE,0,0,1,0,0,0,0,0,0,0,0,0,0,0,0
Justin Shorter,LV,WR,0,0,10,0,0,0,0,0,0,0,0,0,0,0,0
Stetson Bennett,LAR,QB,0,0,1,0,0,0,0,0,0,0,0,0,0,0,0
Travis Vokolek,ARI,TE,0,0,1,0,0,0,0,0,0,0,0,0,0,0,0
Jared Wayne,HOU,WR,0,0,3,0,0,0,0,0,0,0,0,0,0,0,0
Princeton Fant,DAL,TE,0,0,8,0,0,0,0,0,0,0,0,0,0,0,0
Brady Russell,SEA,TE,0,0,11,0,0,0,0,0,0,0,0,0,0,0,0
Elijah Cooks,JAX,WR,0,0,2,0,0,0,0,0,0,0,0,0,0,0,0
Tanner McLachlan,CIN,TE,0,0,2,0,0,0,0,0,0,0,0,0,0,0,0
Xavier Weaver,ARI,WR,0,0,2,0,0,0,0,0,0,0,0,2,0,0,0
Roman Wilson,PIT,WR,0,0,1,0,0,0,0,0,0,0,0,0,0,0,0
Dante Miller,NYG,RB,0,0,2,0,0,0,0,0,0,0,0,0,0,0,0
Brenden Rice,LAC,WR,0,0,3,0,0,0,0,0,0,0,0,0,0,0,0
Sam Hartman,WAS,QB,0,0,1,0,0,0,0,0,0,0,0,0,0,0,0
Austin Reed,CHI,QB,0,0,1,0,0,0,0,0,0,0,0,0,0,0,0
Keilan Robinson,JAX,RB,0,0,6,0,0,0,0,0,0,0,0,0,0,0,0
Jack Westover,NE,TE,0,0,3,0,0,0,0,0,0,0,0,0,0,0,0
Joshua Cephus,JAX,WR,0,0,1,0,0,0,0,0,0,0,0,0,0,0,0
Baylor Cupp,KC,TE,0,0,1,0,0,0,0,0,0,0,0,1,0,0,0
D.J. Williams,TB,RB,0,0,1,0,0,0,0,0,0,0,0,0,0,0,0
Brenden Bates,NYJ,TE,0,0,7,0,0,0,0,0,0,0,0,1,0,0,0
Jaylen Johnson,LAC,WR,0,0,1,0,0,0,0,0,0,0,0,0,0,0,0
Colson Yankoff,WAS,TE,0,0,6,0,0,0,0,0,0,0,0,0,0,0,0
Jermaine Jackson,NO,WR,-0.1,0,4,0,0,0,0,1,-1,0,0,0,0,0,0
Jake Browning,CIN,QB,-0.2,-0.1,3,0,0,0,0,2,-2,0,0,0,0,0,0
Kyle Trask,TB,QB,-0.2,-0.1,4,1,5,0,0,5,-4,0,0,0,0,0,0
Tyson Bagent,CHI,QB,-0.3,-0.1,4,2,11,0,0,6,-7,0,0,0,0,0,0
Sam Howell,SEA,QB,-0.8,-0.3,3,5,24,0,1,1,2,0,0,0,0,0,0
Charlie Jones,CIN,WR,-1,-0.1,8,0,0,0,0,0,0,0,1,1,1,5,0
Jha'Quan Jackson,TEN,WR,-1.2,-0.1,12,0,0,0,0,1,-5,0,1,3,1,8,0
Dylan Laube,LV,RB,-2,-0.2,10,0,0,0,0,1,0,0,1,0,0,0,0
Clayton Tune,ARI,QB,-2.1,-0.3,6,2,8,0,0,7,-4,0,1,0,0,0,0
Kadarius Toney,CLE,WR,-2.4,-0.8,3,0,0,0,0,2,-4,0,1,1,0,0,0
